id,seq,struct,energy,ps,png
1,CCGGCGATGTTTTATAAATAAAACATCGCCGGAATGAATGCCCTAACACAAAG,((((((((((((((....)))))))))))))).....................,-22.2,/content/plots/seq_1_ss.ps,/content/plots/seq_1.png
2,TCCGATGGTGGCTTGGGTAAGCCACCATCGGATATAAGGAAGGCGCACGAAAA,((((((((((((((....)))))))))))))).....................,-25.8,/content/plots/seq_2_ss.ps,/content/plots/seq_2.png
3,TATCTCAAGGGTAAATACTTACCCTTGAGATATGAAAACATGAGTGGGACAAG,((((((((((((((....)))))))))))))).....................,-20.4,/content/plots/seq_3_ss.ps,/content/plots/seq_3.png
4,CTACAAGGCATCGAATGGTCGATGCCTTGTAGATTGGAGTACACATTGTCGCG,((((((((((((((....)))))))))))))).....................,-23.6,/content/plots/seq_4_ss.ps,/content/plots/seq_4.png
5,AGAAAATTAACACGTTACCGTGTTAATTTTCTATGATATGTCTGGAGTAGTAA,((((((((((((((....)))))))))))))).....................,-15.9,/content/plots/seq_5_ss.ps,/content/plots/seq_5.png
6,TCCTAAAGATCGGTCTTGACCGATCTTTAGGAAGCTCTCGTGGTTTCCTTTGG,((((((((((((((....)))))))))))))).....................,-21.7,/content/plots/seq_6_ss.ps,/content/plots/seq_6.png
7,CGGTCATTCAGATCCTGGGATCTGAATGACCGTCTCCGTTTAGCTTCCACCAG,((((((((((((((....)))))))))))))).....................,-22.9,/content/plots/seq_7_ss.ps,/content/plots/seq_7.png
8,AAATTATCTATCTTGTACAAGATAGATAATTTGATCTCCTGGCCCATTGAAAT,((((((((((((((....)))))))))))))).....................,-13.4,/content/plots/seq_8_ss.ps,/content/plots/seq_8.png
9,TTACCTCGGACTGTCTTGACAGTCCGAGGTAAACACTCTAGAAAGCGCCAATA,((((((((((((((....)))))))))))))).....................,-23.8,/content/plots/seq_9_ss.ps,/content/plots/seq_9.png
10,TATGCTCATGTTGCTTTAGCAACATGAGCATAATACTCTTTAACATACGTAGT,((((((((((((((....)))))))))))))).....................,-22.0,/content/plots/seq_10_ss.ps,/content/plots/seq_10.png
11,ATGAGAGCACTAAACCACTTTAGTGCTCTCATACCGTTTCGTGTTGCTCTTTG,((((((((((((((....)))))))))))))).....................,-19.9,/content/plots/seq_11_ss.ps,/content/plots/seq_11.png
12,GGGCTGAGGATGGTACTGACCATCCTCAGCCCACCCGCGTAACTTTGAAATAC,((((((((((((((....)))))))))))))).....................,-29.7,/content/plots/seq_12_ss.ps,/content/plots/seq_12.png
13,CCATACGTCTTTTGCTAGCAAAAGACGTATGGGAAGACACTAACTCAATTTAA,((((((((((((((....)))))))))))))).....................,-20.7,/content/plots/seq_13_ss.ps,/content/plots/seq_13.png
14,TCTCACCGACCAGATGCCTCTGGTCGGTGAGAGTATTTTCACAGTAGCAATCT,((((((((((((((....)))))))))))))).....................,-26.4,/content/plots/seq_14_ss.ps,/content/plots/seq_14.png
15,TCGTCCTGGTCGCACGTTTGCGACCAGGACGATTTCACTGCGTCCCCAAACTT,((((((((((((((....)))))))))))))).....................,-27.4,/content/plots/seq_15_ss.ps,/content/plots/seq_15.png
16,CCATTCTTACGTCTGAGAAGACGTAAGAATGGTCGATATAAATAATTCTGGAA,((((((((((((((....)))))))))))))).....................,-21.9,/content/plots/seq_16_ss.ps,/content/plots/seq_16.png
17,GGTATCTGTTTCAGCCAGCTGAAACAGATACCAGTTCGACACTTCATACTCTT,((((((((((((((....)))))))))))))).....................,-22.3,/content/plots/seq_17_ss.ps,/content/plots/seq_17.png
18,TTACGAAAGACTCAGTATTGAGTCTTTCGTAAGATTTATACTCGTAGACCTCG,((((((((((((((....)))))))))))))).....................,-19.5,/content/plots/seq_18_ss.ps,/content/plots/seq_18.png
19,GGCTTTATATCTGGTTTACCAGATATAAAGCCCACTGCTTAACTATACACGCG,((((((((((((((....)))))))))))))).....................,-21.6,/content/plots/seq_19_ss.ps,/content/plots/seq_19.png
20,CCCATCCATCGGGTCTGCACCCGATGGATGGGCGCGCCTCATCAGATCTTATT,((((((((((((((....)))))))))))))).....................,-27.2,/content/plots/seq_20_ss.ps,/content/plots/seq_20.png
21,TACCAATTTGATCGAATACGATCAAATTGGTAATTTAACCCGAACCCATTGCT,((((((((((((((....)))))))))))))).....................,-18.9,/content/plots/seq_21_ss.ps,/content/plots/seq_21.png
22,ACCCCGAGGTCTATCCAAATAGACCTCGGGGTCATGAGAAGATAGGAACTAGC,((((((((((((((....)))))))))))))).....................,-25.6,/content/plots/seq_22_ss.ps,/content/plots/seq_22.png
23,GTGGATTACAACCTGGTTAGGTTGTAATCCACGCATGTAAGATAATTAGCCCG,((((((((((((((....)))))))))))))).....................,-22.5,/content/plots/seq_23_ss.ps,/content/plots/seq_23.png
24,ACTGCTTCTGAACCGTAAGGTTCAGAAGCAGTAGCCTCCTACTGAATGAACAA,((((((((((((((....)))))))))))))).....................,-25.1,/content/plots/seq_24_ss.ps,/content/plots/seq_24.png
25,ACATTTGCTGACCTCTCGAGGTCAGCAAATGTGCGCGTGATTTGTCTCCTTCA,((((((((((((((....)))))))))))))).....................,-21.7,/content/plots/seq_25_ss.ps,/content/plots/seq_25.png
26,TACTCACTCATGTTGTTGAACATGAGTGAGTAGTCATTCCTTTGCGCAGCTGC,((((((((((((((....)))))))))))))).....................,-21.4,/content/plots/seq_26_ss.ps,/content/plots/seq_26.png
27,GTGTTGCGGCCTCGTTTGCGAGGCCGCAACACGCCATACTCGCTCATTAGATC,((((((((((((((....)))))))))))))).....................,-29.4,/content/plots/seq_27_ss.ps,/content/plots/seq_27.png
28,TACTGCTGGTACGACTTTTCGTACCAGCAGTAGCACCCCAAAACTACGATTAG,((((((((((((((....)))))))))))))).....................,-24.0,/content/plots/seq_28_ss.ps,/content/plots/seq_28.png
29,TGCGGGTATAGGGAGACTTCCCTATACCCGCAATATTCGATTTGCCTCTAATA,((((((((((((((....)))))))))))))).....................,-26.7,/content/plots/seq_29_ss.ps,/content/plots/seq_29.png
30,GATTACAGCCATCCTAGCGGATGGCTGTAATCGTTCTAGCACTTGATATATAG,((((((((((((((....)))))))))))))).....................,-25.2,/content/plots/seq_30_ss.ps,/content/plots/seq_30.png
31,TGAAATCACACGCGTCCTCGCGTGTGATTTCAGGACAGGCAAGCAACCAAATA,((((((((((((((....)))))))))))))).....................,-22.9,/content/plots/seq_31_ss.ps,/content/plots/seq_31.png
32,CACATAGAACCATCGAAGGATGGTTCTATGTGGGAAACTCGAGGGCAGGCATA,((((((((((((((....)))))))))))))).....................,-23.4,/content/plots/seq_32_ss.ps,/content/plots/seq_32.png
33,ACCAGCGCGCACATTGTTATGTGCGCGCTGGTGAATACAAGAAAGCCTGGGGA,((((((((((((((....)))))))))))))).....................,-27.7,/content/plots/seq_33_ss.ps,/content/plots/seq_33.png
34,CTGCCTTCATCGTCCTTGGACGATGAAGGCAGGTAAACACAAACTCAGGCTAA,((((((((((((((....)))))))))))))).....................,-25.6,/content/plots/seq_34_ss.ps,/content/plots/seq_34.png
35,AACATGGTTTCATGGCTACATGAAACCATGTTTACGTAGAAAGGAACTTGGAC,((((((((((((((....)))))))))))))).....................,-19.9,/content/plots/seq_35_ss.ps,/content/plots/seq_35.png
36,TCAAATGAACACTGAGCGCAGTGTTCATTTGATGCCGCCCAGCCTCCGATCCT,((((((((((((((....)))))))))))))).....................,-19.3,/content/plots/seq_36_ss.ps,/content/plots/seq_36.png
37,CCTTCGGGCTCAAAGAGGTTTGAGCCCGAAGGACACCGACATGAACCGAATAT,((((((((((((((....)))))))))))))).....................,-26.1,/content/plots/seq_37_ss.ps,/content/plots/seq_37.png
38,TCTACATTGTCCGGGCCACCGGACAATGTAGATCGCTAGACATCCGAGGGTAG,((((((((((((((....)))))))))))))).....................,-24.8,/content/plots/seq_38_ss.ps,/content/plots/seq_38.png
39,CACGGACGCCAATGTCAGCATTGGCGTCCGTGTGACAAGTAGTATGCACAATT,((((((((((((((....)))))))))))))).....................,-26.0,/content/plots/seq_39_ss.ps,/content/plots/seq_39.png
40,TCCCAAACCGAATCTACCGATTCGGTTTGGGAAAAAAGATTTGAAGTCAGGAA,((((((((((((((....)))))))))))))).....................,-23.7,/content/plots/seq_40_ss.ps,/content/plots/seq_40.png
41,CCTCGTCAGCTTGTAAGTACAAGCTGACGAGGCAATCTTACACTCTCTTTTTA,((((((((((((((....)))))))))))))).....................,-24.8,/content/plots/seq_41_ss.ps,/content/plots/seq_41.png
42,CAGCAGATGCGAACTTCCGTTCGCATCTGCTGGTAATATGCCATAGAGATCGC,((((((((((((((....)))))))))))))).....................,-25.8,/content/plots/seq_42_ss.ps,/content/plots/seq_42.png
43,CCGTGCCACAGTTATTTATAACTGTGGCACGGCAACGTCGTCTAAAGTGGTAT,((((((((((((((....)))))))))))))).....................,-24.5,/content/plots/seq_43_ss.ps,/content/plots/seq_43.png
44,GGTGATAGAAGCCATTATTGGCTTCTATCACCAACTCCCGTTTATCATGTCGC,((((((((((((((....)))))))))))))).....................,-26.0,/content/plots/seq_44_ss.ps,/content/plots/seq_44.png
45,AAGCCCTGGATCTTCAATAAGATCCAGGGCTTGAACAATTACCCAAGACTAGC,((((((((((((((....)))))))))))))).....................,-24.0,/content/plots/seq_45_ss.ps,/content/plots/seq_45.png
46,TCTTAACCGCATATTATCATATGCGGTTAAGAGAATTGCCTAGATAAGATCGC,((((((((((((((....)))))))))))))).....................,-19.3,/content/plots/seq_46_ss.ps,/content/plots/seq_46.png
47,GGCGCCAATAGTCTCGTAAGACTATTGGCGCCCCAGTTGTCGCATAGGGTTGA,((((((((((((((....)))))))))))))).....................,-25.4,/content/plots/seq_47_ss.ps,/content/plots/seq_47.png
48,GCGGGCGTGTCCGACCTATCGGACACGCCCGCCAAGACCTGGCACACTGAGAG,((((((((((((((....)))))))))))))).....................,-30.5,/content/plots/seq_48_ss.ps,/content/plots/seq_48.png
49,GCACGGTAGACGTCATACGACGTCTACCGTGCTGGCAAAACTCTGGAAATTGA,((((((((((((((....)))))))))))))).....................,-27.7,/content/plots/seq_49_ss.ps,/content/plots/seq_49.png
50,TCCACAACTAGCTATTATTAGCTAGTTGTGGAATAGTTTTTATTTCTCACCCT,((((((((((((((....)))))))))))))).....................,-23.4,/content/plots/seq_50_ss.ps,/content/plots/seq_50.png
51,TGACACAGAAAGGGTATACCCTTTCTGTGTCAACTAGCGCTAACACCCACTGT,((((((((((((((....)))))))))))))).....................,-23.9,/content/plots/seq_51_ss.ps,/content/plots/seq_51.png
52,TGTCACCGCTAGACTTCCGTCTAGCGGTGACAAAGTGGGAATAGATATGGTGC,((((((((((((((....)))))))))))))).....................,-26.3,/content/plots/seq_52_ss.ps,/content/plots/seq_52.png
53,TCCATTTGCCTCTTATTGAAGAGGCAAATGGAGGCAATATCTATCACGGCACG,((((((((((((((....)))))))))))))).....................,-22.2,/content/plots/seq_53_ss.ps,/content/plots/seq_53.png
54,TCAGCAGTCGGGTAGTAATACCCGACTGCTGAGGATAAAGGGATTTGGGTGCA,((((((((((((((....)))))))))))))).....................,-27.2,/content/plots/seq_54_ss.ps,/content/plots/seq_54.png
55,CACGGGCAGTGGTTCGACAACCACTGCCCGTGATCCTTAGTTATCGTCCGCCG,((((((((((((((....)))))))))))))).....................,-27.2,/content/plots/seq_55_ss.ps,/content/plots/seq_55.png
56,AGCCACTAGGCCTCGCCAGAGGCCTAGTGGCTTGTGATCTCCATCCGTACTTT,((((((((((((((....)))))))))))))).....................,-29.4,/content/plots/seq_56_ss.ps,/content/plots/seq_56.png
57,GTTACATAATAAAACTGCTTTTATTATGTAACAATACAGGTAGCCAGTTGAAC,((((((((((((((....)))))))))))))).....................,-13.4,/content/plots/seq_57_ss.ps,/content/plots/seq_57.png
58,ACCCTGCACACGCATGTGTGCGTGTGCAGGGTCTCGTTCAGGCTTCAAGACAT,((((((((((((((....)))))))))))))).....................,-27.0,/content/plots/seq_58_ss.ps,/content/plots/seq_58.png
59,TTGAGCGAGGTGTTGCTAAACACCTCGCTCAAACAATTCTCTGCCGGTGTCCT,((((((((((((((....)))))))))))))).....................,-24.7,/content/plots/seq_59_ss.ps,/content/plots/seq_59.png
60,GATGGACGAGTCTAGTTTTAGACTCGTCCATCTACGCAATCCAAATTCAGCAG,((((((((((((((....)))))))))))))).....................,-24.5,/content/plots/seq_60_ss.ps,/content/plots/seq_60.png
61,ATTAGACAGCTTTGTTTTCAAAGCTGTCTAATTGACATCCGATTGAGATACCC,((((((((((((((....)))))))))))))).....................,-19.2,/content/plots/seq_61_ss.ps,/content/plots/seq_61.png
62,TTCCTCATAAAAACCCGAGTTTTTATGAGGAACGTGTGGTCAATCAAAGAAGG,((((((((((((((....)))))))))))))).....................,-16.8,/content/plots/seq_62_ss.ps,/content/plots/seq_62.png
63,ATTTATCGGTGGCTGTACAGCCACCGATAAATCAGGCACAACTTTTCCCCAAG,((((((((((((((....)))))))))))))).....................,-20.8,/content/plots/seq_63_ss.ps,/content/plots/seq_63.png
64,TCAAACTCCTCAATAGCCATTGAGGAGTTTGATGGCGGAGACTATAAGTTCAC,((((((((((((((....)))))))))))))).....................,-19.7,/content/plots/seq_64_ss.ps,/content/plots/seq_64.png
65,TTCCATTCATTACGCTAACGTAATGAATGGAACCACCCAACGCTGAGATCGTG,((((((((((((((....)))))))))))))).....................,-18.6,/content/plots/seq_65_ss.ps,/content/plots/seq_65.png
66,GCATCTCACCACGATAGCTCGTGGTGAGATGCGCTCATAAATTCGAAATCCGC,((((((((((((((....)))))))))))))).....................,-26.6,/content/plots/seq_66_ss.ps,/content/plots/seq_66.png
67,GGGATGCGTAGGTACGTTTACCTACGCATCCCGATCTAACTGTCAGCTCAACA,((((((((((((((....)))))))))))))).....................,-26.7,/content/plots/seq_67_ss.ps,/content/plots/seq_67.png
68,GGACCAAACTGGTGCCCACACCAGTTTGGTCCAAGGTCCTGAAACGTCGCATT,((((((((((((((....)))))))))))))).....................,-26.3,/content/plots/seq_68_ss.ps,/content/plots/seq_68.png
69,TCGGCGGAGTCGATTCCTATCGACTCCGCCGAAACCTACCGCCCACAAAGACA,((((((((((((((....)))))))))))))).....................,-27.8,/content/plots/seq_69_ss.ps,/content/plots/seq_69.png
70,GTAATACCGTATGATTACTCATACGGTATTACAGGCCTTTTTCCGATCGAGAT,((((((((((((((....)))))))))))))).....................,-20.2,/content/plots/seq_70_ss.ps,/content/plots/seq_70.png
71,ACAGAGTAAATTGACCTTTCAATTTACTCTGTAATCTTTCGAGAAAACTGCAG,((((((((((((((....)))))))))))))).....................,-17.5,/content/plots/seq_71_ss.ps,/content/plots/seq_71.png
72,CGTGACGCCGTCTGGGTACAGACGGCGTCACGTCCAGGAGACAGAATAAACGC,((((((((((((((....)))))))))))))).....................,-29.1,/content/plots/seq_72_ss.ps,/content/plots/seq_72.png
73,GTAGTGTACTTGAGGATCCTCAAGTACACTACCCCACTAATGATAGCATGTAC,((((((((((((((....)))))))))))))).....................,-21.9,/content/plots/seq_73_ss.ps,/content/plots/seq_73.png
74,GGTGAGGGGGAACGCGAACGTTCCCCCTCACCGGGCCATATCTATTACTGAGT,((((((((((((((....)))))))))))))).....................,-30.4,/content/plots/seq_74_ss.ps,/content/plots/seq_74.png
75,TATTGAAGGAGGTGACTGCACCTCCTTCAATACTGTGGTTCCGTCTTAGTTCG,((((((((((((((....)))))))))))))).....................,-21.9,/content/plots/seq_75_ss.ps,/content/plots/seq_75.png
76,GGGCGATGACACTAACCATAGTGTCATCGCCCAATTTCACCCGGAACGTCTCA,((((((((((((((....)))))))))))))).....................,-26.7,/content/plots/seq_76_ss.ps,/content/plots/seq_76.png
77,TCGCATCTAGCCTAACCTTAGGCTAGATGCGATCGAACTACACTAAACCAAAA,((((((((((((((....)))))))))))))).....................,-24.4,/content/plots/seq_77_ss.ps,/content/plots/seq_77.png
78,GGTCGTTTAGCCGATACATCGGCTAAACGACCTCCTCATGTCCGTTGCGTTCA,((((((((((((((....)))))))))))))).....................,-24.9,/content/plots/seq_78_ss.ps,/content/plots/seq_78.png
79,TATGCGTGCACATACGGGTATGTGCACGCATATTAGCATAGTTCGTCTCGTGA,((((((((((((((....)))))))))))))).....................,-21.4,/content/plots/seq_79_ss.ps,/content/plots/seq_79.png
80,TCTGGACGCCATACCGCGGTATGGCGTCCAGAGAGATTGAAACAACGCTTGTA,((((((((((((((....)))))))))))))).....................,-27.0,/content/plots/seq_80_ss.ps,/content/plots/seq_80.png
81,TGCCACCATATTTTTCCTAAAATATGGTGGCATACTACCCGTGGACATATCAT,((((((((((((((....)))))))))))))).....................,-20.1,/content/plots/seq_81_ss.ps,/content/plots/seq_81.png
82,GTACCTGCCGTCGTCTTCACGACGGCAGGTACGCTTTAATCAGTCAAATTCCG,((((((((((((((....)))))))))))))).....................,-27.7,/content/plots/seq_82_ss.ps,/content/plots/seq_82.png
83,TTCTCGGCCACTAGTTCCCTAGTGGCCGAGAATTTTACGCTACCTTTGTATAC,((((((((((((((....)))))))))))))).....................,-25.5,/content/plots/seq_83_ss.ps,/content/plots/seq_83.png
84,TAAAGTATATTTGACGGATCAAATATACTTTATCGTAAACACTCTTCTTCGAT,((((((((((((((....)))))))))))))).....................,-13.1,/content/plots/seq_84_ss.ps,/content/plots/seq_84.png
85,AGAGTCGTTTCATGATATCATGAAACGACTCTGAAATATTACAAACGACTCAA,((((((((((((((....)))))))))))))).....................,-21.4,/content/plots/seq_85_ss.ps,/content/plots/seq_85.png
86,AACTGGGGTCGGTCATCCGACCGACCCCAGTTAAGGTACTAGATAGGAAGGAA,((((((((((((((....)))))))))))))).....................,-28.2,/content/plots/seq_86_ss.ps,/content/plots/seq_86.png
87,TACGCCGTTCAGAAATAGTTCTGAACGGCGTAGATGTTTCAATATTGTTCTGC,((((((((((((((....)))))))))))))).....................,-23.0,/content/plots/seq_87_ss.ps,/content/plots/seq_87.png
88,GCACCTTACGAGTAGCACTACTCGTAAGGTGCTTATCGCCGTGAAATTTTTAT,((((((((((((((....)))))))))))))).....................,-24.0,/content/plots/seq_88_ss.ps,/content/plots/seq_88.png
89,CCTTTACATACCTTCCTCAAGGTATGTAAAGGACAAATATCATCAGGCGTCAG,((((((((((((((....)))))))))))))).....................,-19.3,/content/plots/seq_89_ss.ps,/content/plots/seq_89.png
90,GAGCATGCAAACTTAAGTAAGTTTGCATGCTCACACCCGCTTAGTCTGACTGC,((((((((((((((....)))))))))))))).....................,-22.1,/content/plots/seq_90_ss.ps,/content/plots/seq_90.png
91,GACGCTGAATAGGTCAAGACCTATTCAGCGTCGTATTCACTGCCAAGCGTCGT,((((((((((((((....)))))))))))))).....................,-24.2,/content/plots/seq_91_ss.ps,/content/plots/seq_91.png
92,CTTTGAAATACGGACTCATCCGTATTTCAAAGAATAGGACGAGTTAGCAATGT,((((((((((((((....)))))))))))))).....................,-18.5,/content/plots/seq_92_ss.ps,/content/plots/seq_92.png
93,CACCCTATCTGTGTTAGAACACAGATAGGGTGGAAGACACTCGCAAACTATGA,((((((((((((((....)))))))))))))).....................,-24.4,/content/plots/seq_93_ss.ps,/content/plots/seq_93.png
94,GTGGTGCATAAATTGGAGAATTTATGCACCACGTCAGACGAGTCGCTAGGTAC,((((((((((((((....)))))))))))))).....................,-21.2,/content/plots/seq_94_ss.ps,/content/plots/seq_94.png
95,GAAGTACTTAGCTATTTTTAGCTAAGTACTTCCGTTTCATGTGTAGCTGTCGC,((((((((((((((....)))))))))))))).....................,-20.7,/content/plots/seq_95_ss.ps,/content/plots/seq_95.png
96,ATGAGACATCTGGTGCGAACCAGATGTCTCATCCTACAAAGAGACGGCTTGGC,((((((((((((((....)))))))))))))).....................,-23.1,/content/plots/seq_96_ss.ps,/content/plots/seq_96.png
97,ACCGCGTCGAAACCGCTTGGTTTCGACGCGGTGACCCTCAACCTACGACTCCG,((((((((((((((....)))))))))))))).....................,-26.5,/content/plots/seq_97_ss.ps,/content/plots/seq_97.png
98,ACTGGACCTTTTCTGGCTAGAAAAGGTCCAGTCCCGCACTATACTAACCTTCT,((((((((((((((....)))))))))))))).....................,-21.2,/content/plots/seq_98_ss.ps,/content/plots/seq_98.png
99,CTTCTGCGGTACAGGAATCTGTACCGCAGAAGTCCCCTCACGCCCAAATTTTA,((((((((((((((....)))))))))))))).....................,-25.1,/content/plots/seq_99_ss.ps,/content/plots/seq_99.png
100,TTAATGTCGGTACAACTATGTACCGACATTAAGCTTCTTGACCGTAATGACAC,((((((((((((((....)))))))))))))).....................,-19.4,/content/plots/seq_100_ss.ps,/content/plots/seq_100.png
101,TAATACTAACCGTGCGGCCACGGTTAGTATTAACTACCCGGGTCTGCAGTAAG,((((((((((((((....)))))))))))))).....................,-18.7,/content/plots/seq_101_ss.ps,/content/plots/seq_101.png
102,GTAACCCGTCTAACACATGTTAGACGGGTTACCCCCTGAAGGTGTCGTTGTTG,((((((((((((((....)))))))))))))).....................,-23.4,/content/plots/seq_102_ss.ps,/content/plots/seq_102.png
103,CGACTGTGCTATCGATATCGATAGCACAGTCGACAGCACTGTGACAAAGATGG,((((((((((((((....)))))))))))))).....................,-25.2,/content/plots/seq_103_ss.ps,/content/plots/seq_103.png
104,GGAACCAGCTTGACCGGTGTCAAGCTGGTTCCCCATGATGTTTCGACACCGGT,((((((((((((((....)))))))))))))).....................,-25.4,/content/plots/seq_104_ss.ps,/content/plots/seq_104.png
105,CAGTGAATATCGTGCCCTCACGATATTCACTGTACGAGACGATAAGAATAGGT,((((((((((((((....)))))))))))))).....................,-19.9,/content/plots/seq_105_ss.ps,/content/plots/seq_105.png
106,CATCAGAGGACCCCATTGGGGGTCCTCTGATGCCTATATACCCAATGTGTTCC,((((((((((((((....)))))))))))))).....................,-28.3,/content/plots/seq_106_ss.ps,/content/plots/seq_106.png
107,ATAGGTGCTGAGGTGAGGACCTCAGCACCTATCGTTCGGCCCAAGAGTTTCGG,((((((((((((((....)))))))))))))).....................,-25.2,/content/plots/seq_107_ss.ps,/content/plots/seq_107.png
108,GTGTATTGTCGTCAGCGCTGACGACAATACACCGACAAGACTTGTATCTAGCA,((((((((((((((....)))))))))))))).....................,-21.3,/content/plots/seq_108_ss.ps,/content/plots/seq_108.png
109,CCTAAATAGTTAGCCGCCGCTAACTATTTAGGAATTAAGGGCGGTCGAGGAGC,((((((((((((((....)))))))))))))).....................,-19.5,/content/plots/seq_109_ss.ps,/content/plots/seq_109.png
110,CATATTCGTTGGGGATTGCCCCAACGAATATGACACCGTGCGCGTTCCCGATA,((((((((((((((....)))))))))))))).....................,-23.2,/content/plots/seq_110_ss.ps,/content/plots/seq_110.png
111,TCCAAATTTAGGGGAAGTCCCCTAAATTTGGAGAATCCATCGAGAGCTGCCCT,((((((((((((((....)))))))))))))).....................,-22.0,/content/plots/seq_111_ss.ps,/content/plots/seq_111.png
112,ACTATGCAGTTCAGACTACTGAACTGCATAGTCTATAAATCTCGCCGTAGTGT,((((((((((((((....)))))))))))))).....................,-21.2,/content/plots/seq_112_ss.ps,/content/plots/seq_112.png
113,ATATATACATAATCGAATGATTATGTATATATCTTTACTCTATCACATTTGTA,((((((((((((((....)))))))))))))).....................,-13.8,/content/plots/seq_113_ss.ps,/content/plots/seq_113.png
114,TGCTACTGTAACTGTTCGCAGTTACAGTAGCATATTAAAACCCAGAACAGTGA,((((((((((((((....)))))))))))))).....................,-21.7,/content/plots/seq_114_ss.ps,/content/plots/seq_114.png
115,CAAGAAGGGATAACAGACGTTATCCCTTCTTGGTACGCGGAACAACACTAACG,((((((((((((((....)))))))))))))).....................,-22.2,/content/plots/seq_115_ss.ps,/content/plots/seq_115.png
116,TAACACTCGATAGAGCGCTCTATCGAGTGTTATTTCCGGTGTATATAAATAGC,((((((((((((((....)))))))))))))).....................,-19.9,/content/plots/seq_116_ss.ps,/content/plots/seq_116.png
117,AGGTAGGTTGCGCTGAGCAGCGCAACCTACCTGTTACTTGTACCCTGATCCAG,((((((((((((((....)))))))))))))).....................,-25.7,/content/plots/seq_117_ss.ps,/content/plots/seq_117.png
118,CTCGGATTTTGACGACCGCGTCAAAATCCGAGACAGGTAATTGGTGTAGGAAA,((((((((((((((....)))))))))))))).....................,-22.3,/content/plots/seq_118_ss.ps,/content/plots/seq_118.png
119,TATTCAGATTCACGACATCGTGAATCTGAATATTGTTACATGCTATGTCTTCG,((((((((((((((....)))))))))))))).....................,-19.4,/content/plots/seq_119_ss.ps,/content/plots/seq_119.png
120,GATGTAACGGCGTCTTCAGACGCCGTTACATCCAAAGCAACGTGACTGTCCTG,((((((((((((((....)))))))))))))).....................,-24.5,/content/plots/seq_120_ss.ps,/content/plots/seq_120.png
121,TGGGACAGTGGTTATCTTTAACCACTGTCCCAGCACATCAACTACAATACCAG,((((((((((((((....)))))))))))))).....................,-25.4,/content/plots/seq_121_ss.ps,/content/plots/seq_121.png
122,GATCCGCTGGACGACAACTCGTCCAGCGGATCCACATAGGGTATTAGCATAGC,((((((((((((((....)))))))))))))).....................,-27.3,/content/plots/seq_122_ss.ps,/content/plots/seq_122.png
123,GGAATTCCCTGGAGGTGACTCCAGGGAATTCCGTACGATATGATCTCCTGGGA,((((((((((((((....)))))))))))))).....................,-28.2,/content/plots/seq_123_ss.ps,/content/plots/seq_123.png
124,CCATCTAGAAGGCCGCTCGGCCTTCTAGATGGGACTCGAATGTACATATATTG,((((((((((((((....)))))))))))))).....................,-27.0,/content/plots/seq_124_ss.ps,/content/plots/seq_124.png
125,AATACGTACCCTGTGAATACAGGGTACGTATTAGGTCGGATTCTTTTTATAGG,((((((((((((((....)))))))))))))).....................,-21.5,/content/plots/seq_125_ss.ps,/content/plots/seq_125.png
126,CCCGCCTACCGCAATTCTTTGCGGTAGGCGGGGAAGTCTGAATGTCGAACGTC,((((((((((((((....)))))))))))))).....................,-30.3,/content/plots/seq_126_ss.ps,/content/plots/seq_126.png
127,TTGTACATCTTACCGAACGGTAAGATGTACAATCCTTACTACTGCGTCATGTG,((((((((((((((....)))))))))))))).....................,-20.1,/content/plots/seq_127_ss.ps,/content/plots/seq_127.png
128,CGACGGAATCATCAGGGGTGATGATTCCGTCGCGAGCAAAGATGTATAATTTC,((((((((((((((....)))))))))))))).....................,-23.1,/content/plots/seq_128_ss.ps,/content/plots/seq_128.png
129,ATGCGCAGAACACAAGCTTGTGTTCTGCGCATTAAAGAAACGGGGACAAACTT,((((((((((((((....)))))))))))))).....................,-23.0,/content/plots/seq_129_ss.ps,/content/plots/seq_129.png
130,CCGCGCGAACAGGAAAAGTCCTGTTCGCGCGGCGTCTTGCTAAGTTCGTGTGC,((((((((((((((....)))))))))))))).....................,-27.8,/content/plots/seq_130_ss.ps,/content/plots/seq_130.png
131,GTGATATTTCGCTTATGTAAGCGAAATATCACAGACATTACAATTCTATATTC,((((((((((((((....)))))))))))))).....................,-19.6,/content/plots/seq_131_ss.ps,/content/plots/seq_131.png
132,CCACCGCTCGCGAGTCTGCTCGCGAGCGGTGGGGCGTGACAGGGTATTCAGAC,((((((((((((((....)))))))))))))).....................,-30.7,/content/plots/seq_132_ss.ps,/content/plots/seq_132.png
133,GTACTCTGTCCAGGTCTACCTGGACAGAGTACAATTCCTTTGTTCCTTAGTGG,((((((((((((((....)))))))))))))).....................,-27.0,/content/plots/seq_133_ss.ps,/content/plots/seq_133.png
134,GGAAACAGTATCCAGTTTTGGATACTGTTTCCCAAACCATGTCCACCTGATCA,((((((((((((((....)))))))))))))).....................,-22.0,/content/plots/seq_134_ss.ps,/content/plots/seq_134.png
135,CGCTCCAGGTTCTCTTATGAGAACCTGGAGCGCACACCCAATGGAGATCTTTC,((((((((((((((....)))))))))))))).....................,-28.0,/content/plots/seq_135_ss.ps,/content/plots/seq_135.png
136,AGAGACTGATGATGCTAGCATCATCAGTCTCTAATCCCGAAGACTACAATATC,((((((((((((((....)))))))))))))).....................,-22.3,/content/plots/seq_136_ss.ps,/content/plots/seq_136.png
137,CATCTTACCTTCGCAACGGCGAAGGTAAGATGTAAGCAGAGAGATGAGTATAA,((((((((((((((....)))))))))))))).....................,-21.7,/content/plots/seq_137_ss.ps,/content/plots/seq_137.png
138,TATCTCGATTGAACAAGAGTTCAATCGAGATAGTCAACGTACCCTCAAGTCGA,((((((((((((((....)))))))))))))).....................,-19.9,/content/plots/seq_138_ss.ps,/content/plots/seq_138.png
139,GGATCCTGAGAGGTATACACCTCTCAGGATCCCACATTCATTCCTCAGCTTTC,((((((((((((((....)))))))))))))).....................,-26.7,/content/plots/seq_139_ss.ps,/content/plots/seq_139.png
140,TCTGTCATTACTCCTGTAGGAGTAATGACAGAAATTCACACACCACTCTAAAC,((((((((((((((....)))))))))))))).....................,-22.3,/content/plots/seq_140_ss.ps,/content/plots/seq_140.png
141,AATTGACTTGTGTGATATCACACAAGTCAATTATTCCACCGTTATCACCTAAT,((((((((((((((....)))))))))))))).....................,-19.4,/content/plots/seq_141_ss.ps,/content/plots/seq_141.png
142,TAGCTACTGCAATACACCTATTGCAGTAGCTAGCAGGGATTCAATTAGAACGG,((((((((((((((....)))))))))))))).....................,-20.3,/content/plots/seq_142_ss.ps,/content/plots/seq_142.png
143,AATGTTTTTCACGTAAAGACGTGAAAAACATTTCCATGCTAAGTTGAAATAGA,((((((((((((((....)))))))))))))).....................,-15.7,/content/plots/seq_143_ss.ps,/content/plots/seq_143.png
144,ATCGGATTGTTAAAATACTTTAACAATCCGATCCCTTCTCACAGCCCTCAGTA,((((((((((((((....)))))))))))))).....................,-16.4,/content/plots/seq_144_ss.ps,/content/plots/seq_144.png
145,GAAGTTCCTCTGGCACCGGCCAGAGGAACTTCCATCGAATATCTGAGTCCTGA,((((((((((((((....)))))))))))))).....................,-26.2,/content/plots/seq_145_ss.ps,/content/plots/seq_145.png
146,AACAGATTTACCCTGTTTAGGGTAAATCTGTTACAAGACTTTGCACCTTTCAA,((((((((((((((....)))))))))))))).....................,-19.7,/content/plots/seq_146_ss.ps,/content/plots/seq_146.png
147,ACGATTCGCTGGTTCATTAACCAGCGAATCGTGGAAATAGAAGCCCCGGGACC,((((((((((((((....)))))))))))))).....................,-22.4,/content/plots/seq_147_ss.ps,/content/plots/seq_147.png
148,CACGGGGTCGCAAGGCAGCTTGCGACCCCGTGATCGTCCACATATCTTGATTA,((((((((((((((....)))))))))))))).....................,-29.8,/content/plots/seq_148_ss.ps,/content/plots/seq_148.png
149,TCGTGTAATCCCTATCGATAGGGATTACACGATACGCCCAAGCCGAAAAAAAG,((((((((((((((....)))))))))))))).....................,-21.6,/content/plots/seq_149_ss.ps,/content/plots/seq_149.png
150,AGCGAGGTAAGCTAGGTGTAGCTTACCTCGCTGAGGAGGATAGTGAGAAGAAG,((((((((((((((....)))))))))))))).....................,-24.7,/content/plots/seq_150_ss.ps,/content/plots/seq_150.png
151,TTTTCACTCATGCTTGCCAGCATGAGTGAAAAAATCGCCCGGGAATACAGACA,((((((((((((((....)))))))))))))).....................,-19.5,/content/plots/seq_151_ss.ps,/content/plots/seq_151.png
152,AATAGGCAGTTTACGCGGGTAAACTGCCTATTAGACTTTTTTGTATCATAACT,((((((((((((((....)))))))))))))).....................,-20.8,/content/plots/seq_152_ss.ps,/content/plots/seq_152.png
153,ACCCAAAACAGTGCAATCGCACTGTTTTGGGTGTAGCTCACAACACTTTAGCC,((((((((((((((....)))))))))))))).....................,-23.8,/content/plots/seq_153_ss.ps,/content/plots/seq_153.png
154,TGCTCGCAATCGGGCGAGCCCGATTGCGAGCAGTAGAGCCATGTTTCCCCGTC,((((((((((((((....)))))))))))))).....................,-27.1,/content/plots/seq_154_ss.ps,/content/plots/seq_154.png
155,ACAATGGGAGATGGCGTCCCATCTCCCATTGTACTCATGTAAGGACCTTAAGA,((((((((((((((....)))))))))))))).....................,-23.7,/content/plots/seq_155_ss.ps,/content/plots/seq_155.png
156,GCCTGTGCTGGGGAAGGTTCCCCAGCACAGGCGATTGGCGGGCATATAACATG,((((((((((((((....)))))))))))))).....................,-31.7,/content/plots/seq_156_ss.ps,/content/plots/seq_156.png
157,GCACCTATAAGGTTCTACAACCTTATAGGTGCGGTGCCGGGACGATATGCAGG,((((((((((((((....)))))))))))))).....................,-22.4,/content/plots/seq_157_ss.ps,/content/plots/seq_157.png
158,CAAGAGAGAACCCGTCGTCGGGTTCTCTCTTGTTCCGACCAAGCCTACCTCAG,((((((((((((((....)))))))))))))).....................,-25.2,/content/plots/seq_158_ss.ps,/content/plots/seq_158.png
159,GCCCATCGCCATGACGTCTCATGGCGATGGGCCATATACTTCCATCTTCATCG,((((((((((((((....)))))))))))))).....................,-27.8,/content/plots/seq_159_ss.ps,/content/plots/seq_159.png
160,CTGTCTCTACGAAGATTTCTTCGTAGAGACAGTGAAACCTGAAATATCGAACC,((((((((((((((....)))))))))))))).....................,-23.2,/content/plots/seq_160_ss.ps,/content/plots/seq_160.png
161,AACCGCATTGTGGCGAGGGCCACAATGCGGTTTGATAATCGTAGCACGTCGTG,((((((((((((((....)))))))))))))).....................,-25.8,/content/plots/seq_161_ss.ps,/content/plots/seq_161.png
162,CCGCGATGAGCAAGTGTCCTTGCTCATCGCGGGGACAATAGATAAGTGTGAGA,((((((((((((((....)))))))))))))).....................,-26.8,/content/plots/seq_162_ss.ps,/content/plots/seq_162.png
163,CCTGGCCGGGTGAGTACCCTCACCCGGCCAGGAATTATTAAGACGCGACGCCC,((((((((((((((....)))))))))))))).....................,-31.8,/content/plots/seq_163_ss.ps,/content/plots/seq_163.png
164,ATCGTTATTCCCTCGAGCGAGGGAATAACGATAGAATTTATAATCGAAAATAG,((((((((((((((....)))))))))))))).....................,-21.9,/content/plots/seq_164_ss.ps,/content/plots/seq_164.png
165,CTAAACGGAATCACAAAGGTGATTCCGTTTAGACACACTTTAGCATGACACTA,((((((((((((((....)))))))))))))).....................,-21.1,/content/plots/seq_165_ss.ps,/content/plots/seq_165.png
166,GGAGTAAAAAAAGCAGATGCTTTTTTTACTCCCTCTAAATTAAACACGTCGTT,((((((((((((((....)))))))))))))).....................,-18.9,/content/plots/seq_166_ss.ps,/content/plots/seq_166.png
167,ACGCAGACATAGGTTGATACCTATGTCTGCGTAAAGATCATGCACACTCCGAC,((((((((((((((....)))))))))))))).....................,-24.4,/content/plots/seq_167_ss.ps,/content/plots/seq_167.png
168,TAAAGTGTTGGGGTGTCGACCCCAACACTTTATCCAGTCCTAGCGCAAGTTTG,((((((((((((((....)))))))))))))).....................,-22.8,/content/plots/seq_168_ss.ps,/content/plots/seq_168.png
169,TGCCGAATTAAAATAACGATTTTAATTCGGCACTGTAGTGTCTTTGAAGGAAG,((((((((((((((....)))))))))))))).....................,-16.5,/content/plots/seq_169_ss.ps,/content/plots/seq_169.png
170,TCTTTCTGAGAGGTTGGCACCTCTCAGAAAGAGTTGTACTCTCACCTGATAGA,((((((((((((((....)))))))))))))).....................,-22.2,/content/plots/seq_170_ss.ps,/content/plots/seq_170.png
171,AGTTAGATGTTGCGCGTACGCAACATCTAACTAAGACCACCCTCAAACGCAGC,((((((((((((((....)))))))))))))).....................,-20.9,/content/plots/seq_171_ss.ps,/content/plots/seq_171.png
172,CCGGAGCTGCCGTTATGAAACGGCAGCTCCGGAGTAGAGACAGAGTATAGCTT,((((((((((((((....)))))))))))))).....................,-29.3,/content/plots/seq_172_ss.ps,/content/plots/seq_172.png
173,TGGCCATGTATGCAATCATGCATACATGGCCATCGTAATTTGACAGTCCGACC,((((((((((((((....)))))))))))))).....................,-24.4,/content/plots/seq_173_ss.ps,/content/plots/seq_173.png
174,GCCGGGGATCAGAACGTGTTCTGATCCCCGGCCTTCAGCATGTTATACTCCTG,((((((((((((((....)))))))))))))).....................,-27.7,/content/plots/seq_174_ss.ps,/content/plots/seq_174.png
175,TTCTGTCTGTAAAATTCGTTTTACAGACAGAATGGATTCAAAATACAACTGAT,((((((((((((((....)))))))))))))).....................,-17.1,/content/plots/seq_175_ss.ps,/content/plots/seq_175.png
176,CATGGAGGTACGTGTCTCCACGTACCTCCATGTGTGTCATGTCGTTTAATAGC,((((((((((((((....)))))))))))))).....................,-24.8,/content/plots/seq_176_ss.ps,/content/plots/seq_176.png
177,CCTCGGGGTTTCCCTCTCGGGAAACCCCGAGGTTCCTAAGTTCGTTATGAAAA,((((((((((((((....)))))))))))))).....................,-29.5,/content/plots/seq_177_ss.ps,/content/plots/seq_177.png
178,TGTTGCTGACATTAGGAATAATGTCAGCAACACAAACAAACATCGATGGTCGC,((((((((((((((....)))))))))))))).....................,-20.5,/content/plots/seq_178_ss.ps,/content/plots/seq_178.png
179,TTGCGCGAAATTACATGGGTAATTTCGCGCAAGTCTCATCCCCACTTCCTCAA,((((((((((((((....)))))))))))))).....................,-20.4,/content/plots/seq_179_ss.ps,/content/plots/seq_179.png
180,GTCCTTGTATTTAAACGTTTAAATACAAGGACAGCCCCATTTAATTGTAATGC,((((((((((((((....)))))))))))))).....................,-18.2,/content/plots/seq_180_ss.ps,/content/plots/seq_180.png
181,AACCGCCAATAGTAGTATTACTATTGGCGGTTCGTTAAGCGTCCTTTTTGTAT,((((((((((((((....)))))))))))))).....................,-21.0,/content/plots/seq_181_ss.ps,/content/plots/seq_181.png
182,ACTTGGATCCAGTATGATTACTGGATCCAAGTGAACTATTCTGGCACGAAAAT,((((((((((((((....)))))))))))))).....................,-23.3,/content/plots/seq_182_ss.ps,/content/plots/seq_182.png
183,ATCTTTACGTAGGTCGCGACCTACGTAAAGATAAACACCTTAACTAGTTCATC,((((((((((((((....)))))))))))))).....................,-19.2,/content/plots/seq_183_ss.ps,/content/plots/seq_183.png
184,GAGGGCCGATACCTGCGCAGGTATCGGCCCTCGTGTTAGAGTGAGGATAGTGA,((((((((((((((....)))))))))))))).....................,-29.0,/content/plots/seq_184_ss.ps,/content/plots/seq_184.png
185,CCTGGATTACATGTATTTACATGTAATCCAGGCCGTGATCTAAAGTCTTCCTG,((((((((((((((....)))))))))))))).....................,-21.3,/content/plots/seq_185_ss.ps,/content/plots/seq_185.png
186,ATACATCCCTAATGTCTACATTAGGGATGTATTAGCAGGCAAGTCGAATTCAG,((((((((((((((....)))))))))))))).....................,-19.4,/content/plots/seq_186_ss.ps,/content/plots/seq_186.png
187,GTCTGATACCCCGTTCCTACGGGGTATCAGACCCAAATCTTAACCGTCGGAAC,((((((((((((((....)))))))))))))).....................,-26.4,/content/plots/seq_187_ss.ps,/content/plots/seq_187.png
188,GCGCTAATGAGTACGCGCGTACTCATTAGCGCATCTGCCCATGTCGCTCACTC,((((((((((((((....)))))))))))))).....................,-24.5,/content/plots/seq_188_ss.ps,/content/plots/seq_188.png
189,CTTTTCGAGGGGTGGCTCCACCCCTCGAAAAGTTAGAGAATCCATATAGACAC,((((((((((((((....)))))))))))))).....................,-24.8,/content/plots/seq_189_ss.ps,/content/plots/seq_189.png
190,CTCATGGATACTACCTATGTAGTATCCATGAGACCTGGTTCGTCACGTGTAGA,((((((((((((((....)))))))))))))).....................,-22.0,/content/plots/seq_190_ss.ps,/content/plots/seq_190.png
191,TAGCTGCGCGAGTGTCCGCACTCGCGCAGCTAAAGTATATGCCAATCTAAATT,((((((((((((((....)))))))))))))).....................,-27.2,/content/plots/seq_191_ss.ps,/content/plots/seq_191.png
192,TCGCGCATCGCCAGCTAGCTGGCGATGCGCGAATAAACGGCTGGGCAGAGATG,((((((((((((((....)))))))))))))).....................,-28.7,/content/plots/seq_192_ss.ps,/content/plots/seq_192.png
193,GAATTCGCCAGTTTTCCCAAACTGGCGAATTCATTACACTACCCGCACGACTA,((((((((((((((....)))))))))))))).....................,-21.2,/content/plots/seq_193_ss.ps,/content/plots/seq_193.png
194,TAGCACAGAAACTGCTATCAGTTTCTGTGCTATATTAGCTGAGACCTCTTTTG,((((((((((((((....)))))))))))))).....................,-20.9,/content/plots/seq_194_ss.ps,/content/plots/seq_194.png
195,CCAATAGCCTACCTCGGTAGGTAGGCTATTGGATATATGGACCACCTTACTTC,((((((((((((((....)))))))))))))).....................,-24.0,/content/plots/seq_195_ss.ps,/content/plots/seq_195.png
196,ATCCGTCTGGGAGGGAGGCCTCCCAGACGGATGCACACGACCTCCCCTCTTTT,((((((((((((((....)))))))))))))).....................,-29.2,/content/plots/seq_196_ss.ps,/content/plots/seq_196.png
197,ACTGAGAGGAATCGGGCGCGATTCCTCTCAGTCTACCAACCTCATTTACTCAG,((((((((((((((....)))))))))))))).....................,-24.1,/content/plots/seq_197_ss.ps,/content/plots/seq_197.png
198,GTCGGGTGACGCTGGTTGCAGCGTCACCCGACTATCTTGACTGTCTGTGCCTG,((((((((((((((....)))))))))))))).....................,-30.3,/content/plots/seq_198_ss.ps,/content/plots/seq_198.png
199,CACCCCCATGGCACGGCGGTGCCATGGGGGTGTAAAATTAACCAGACTACCCT,((((((((((((((....)))))))))))))).....................,-31.2,/content/plots/seq_199_ss.ps,/content/plots/seq_199.png
200,TACACAACACGACGTCTACGTCGTGTTGTGTAAATCAGAAGGTGTACGAAATT,((((((((((((((....)))))))))))))).....................,-22.5,/content/plots/seq_200_ss.ps,/content/plots/seq_200.png
