id,seq,struct,energy,theta,ps,png
1,CAATCCGACTCGATACACATCGAGTCGGATTGGCCGGGAAGAGTTTTATTGTT,((((((((((((((....)))))))))))))).....................,-14.0,1.0000,/content/plots/seq_1_ss.ps,/content/plots/seq_1.png
2,TGGATTTCTACACGACGGCGTGTAGAAATCCAGGATCGCGTTACTATAGCCTG,((((((((((((((....)))))))))))))).....................,-12.83,1.0000,/content/plots/seq_2_ss.ps,/content/plots/seq_2.png
3,TCGCCATACTCGGGATGACCCGAGTATGGCGAAGGTAGGCTGGAACCCATAAA,((((((((((((((....)))))))))))))).....................,-18.2,1.0000,/content/plots/seq_3_ss.ps,/content/plots/seq_3.png
4,GCGGATTCCATCAGTCTCCTGATGGAATCCGCCGCACCTAAAGATTCTGGACA,((((((((((((((....)))))))))))))).....................,-16.18,1.0000,/content/plots/seq_4_ss.ps,/content/plots/seq_4.png
5,TATTCGACTTAGTTTTAAAACTAAGTCGAATAGAGTGCGCTCTAGCTTTCTAA,((((((((((((((....)))))))))))))).....................,-9.26,1.0000,/content/plots/seq_5_ss.ps,/content/plots/seq_5.png
6,TGAGGAAAGCTGCTAGGAAGCAGCTTTCCTCAGAATCACGGGCAGTTTTATGT,((((((((((((((....)))))))))))))).....................,-15.74,1.0000,/content/plots/seq_6_ss.ps,/content/plots/seq_6.png
7,GAGGCCCAGCTCGCTTGGGCGAGCTGGGCCTCCAAATCTTTCGTTTACTAGCT,((((((((((((((....)))))))))))))).....................,-21.8,1.0000,/content/plots/seq_7_ss.ps,/content/plots/seq_7.png
8,ACGGTTGGCTCACTCACTAGTGAGCCAACCGTAGTTTATCGGACTCTCATTGA,((((((((((((((....)))))))))))))).....................,-16.52,1.0000,/content/plots/seq_8_ss.ps,/content/plots/seq_8.png
9,AGGCGCGAAGGGAGGCTTCTCCCTTCGCGCCTACCACTTACGCCATGTCTTTA,((((((((((((((....)))))))))))))).....................,-20.2,1.0000,/content/plots/seq_9_ss.ps,/content/plots/seq_9.png
10,ACCCGCGACTACCCGGGGGGGTAGTCGCGGGTCATCGTATAAACCCTGTCGTC,((((((((((((((....)))))))))))))).....................,-20.82,1.0000,/content/plots/seq_10_ss.ps,/content/plots/seq_10.png
11,ATACATCCGTATTCGACAGAATACGGATGTATCCCGAAACTCCAGTGTAAAGT,((((((((((((((....)))))))))))))).....................,-11.25,1.0000,/content/plots/seq_11_ss.ps,/content/plots/seq_11.png
12,AGCTTGGTGCTACTGATCAGTAGCACCAAGCTATGCCGGACCACTATTAGGAG,((((((((((((((....)))))))))))))).....................,-15.3,1.0000,/content/plots/seq_12_ss.ps,/content/plots/seq_12.png
13,AGCCATCTCCTGGTAACCACCAGGAGATGGCTCCCATAGAATGTGCGTAAAAC,((((((((((((((....)))))))))))))).....................,-17.11,1.0000,/content/plots/seq_13_ss.ps,/content/plots/seq_13.png
14,ACTGCCATGCCGGTATATACCGGCATGGCAGTGCCGTATGATTAACATTGCTG,((((((((((((((....)))))))))))))).....................,-18.46,1.0000,/content/plots/seq_14_ss.ps,/content/plots/seq_14.png
15,ATGTCGCGTGCTTTGTCCAAAGCACGCGACATAACGCCTGGTATCATCCGACT,((((((((((((((....)))))))))))))).....................,-13.69,1.0000,/content/plots/seq_15_ss.ps,/content/plots/seq_15.png
16,CTCCCCGGTGCAAGAAGTCTTGCACCGGGGAGTCGAACCGTACAAGGAAAAAG,((((((((((((((....)))))))))))))).....................,-20.08,1.0000,/content/plots/seq_16_ss.ps,/content/plots/seq_16.png
17,CAAGCGGCATAGATTCAGATCTATGCCGCTTGCAAAATAGACAGTCAGGTGAC,((((((((((((((....)))))))))))))).....................,-13.95,1.0000,/content/plots/seq_17_ss.ps,/content/plots/seq_17.png
18,ATAATAAAATATTGCGATCAATATTTTATTATGCGAATCCACCAAAAAGATGC,((((((((((((((....)))))))))))))).....................,-2.79,0.9854,/content/plots/seq_18_ss.ps,/content/plots/seq_18.png
19,GAGGCGTGAAGTAAAAAGTTACTTCACGCCTCGTCCATGGAGGAACCCAAAAG,((((((((((((((....)))))))))))))).....................,-15.22,1.0000,/content/plots/seq_19_ss.ps,/content/plots/seq_19.png
20,CCCCGCTGATATGCGGTTGCATATCAGCGGGGACGACGGGAGTAGGAGGCCTA,((((((((((((((....)))))))))))))).....................,-18.55,1.0000,/content/plots/seq_20_ss.ps,/content/plots/seq_20.png
21,GCGGATTGGATGTTAAAAAACATCCAATCCGCAATTCATGGGTCTCAATGTAG,((((((((((((((....)))))))))))))).....................,-15.09,1.0000,/content/plots/seq_21_ss.ps,/content/plots/seq_21.png
22,CAAAGGTATATCTAAATATAGATATACCTTTGTGTTAGTGCAATCACAACTCA,((((((((((((((....)))))))))))))).....................,-9.49,1.0000,/content/plots/seq_22_ss.ps,/content/plots/seq_22.png
23,GGGTGGGTGGCAGATCACTCTGCCACCCACCCATTCATAGTTCGTGTCCGGGC,((((((((((((((....)))))))))))))).....................,-22.3,1.0000,/content/plots/seq_23_ss.ps,/content/plots/seq_23.png
24,ACTGCACTATCCTCCTACGAGGATAGTGCAGTGCTAATGGTTTTGAGTTGCAC,((((((((((((((....)))))))))))))).....................,-15.41,1.0000,/content/plots/seq_24_ss.ps,/content/plots/seq_24.png
25,AGATCAGATGGTCAGTCGTGACCATCTGATCTCACGTGCACGGTTACCAAGTA,((((((((((((((....)))))))))))))).....................,-14.33,1.0000,/content/plots/seq_25_ss.ps,/content/plots/seq_25.png
26,GTATCGGAGCGCTGTCTACAGCGCTCCGATACTCAAATGGCGCGCTGGATCAA,((((((((((((((....)))))))))))))).....................,-17.46,1.0000,/content/plots/seq_26_ss.ps,/content/plots/seq_26.png
27,ACCTTACTCTATCGTACGCGATAGAGTAAGGTAACAAGACTCATGATTCACAG,((((((((((((((....)))))))))))))).....................,-12.7,1.0000,/content/plots/seq_27_ss.ps,/content/plots/seq_27.png
28,CGAGCGTGCTTATCTTAAGATAAGCACGCTCGGAACACTTCCCGCATGTAGGA,((((((((((((((....)))))))))))))).....................,-15.57,1.0000,/content/plots/seq_28_ss.ps,/content/plots/seq_28.png
29,GCGAGTGCCGTTTCATCGGAAACGGCACTCGCTTTATGACAACTCATTGTTTA,((((((((((((((....)))))))))))))).....................,-17.56,1.0000,/content/plots/seq_29_ss.ps,/content/plots/seq_29.png
30,CAGCGCGTACTGATTATTATCAGTACGCGCTGCGTCTAAATTTTCCGCGTCCT,((((((((((((((....)))))))))))))).....................,-16.01,1.0000,/content/plots/seq_30_ss.ps,/content/plots/seq_30.png
31,ACAGAGGGAGACACGCGGGTGTCTCCCTCTGTATACTTATCGGGGCGCTTCCT,((((((((((((((....)))))))))))))).....................,-18.25,1.0000,/content/plots/seq_31_ss.ps,/content/plots/seq_31.png
32,GTTGGCTGCCTCACCCCGGTGAGGCAGCCAACCATCGTAGGCGAGCGGAGCGA,((((((((((((((....)))))))))))))).....................,-18.24,1.0000,/content/plots/seq_32_ss.ps,/content/plots/seq_32.png
33,TGTTACGGAACAGCTGGTGCTGTTCCGTAACAAATGTTCCAACAATGCTAGTG,((((((((((((((....)))))))))))))).....................,-14.99,1.0000,/content/plots/seq_33_ss.ps,/content/plots/seq_33.png
34,ACCACAAAAGTTCTCATGAGAACTTTTGTGGTTCACGTGCATGTTTCGCCGGG,((((((((((((((....)))))))))))))).....................,-10.73,1.0000,/content/plots/seq_34_ss.ps,/content/plots/seq_34.png
35,GTGCTCGGCTGTTAGCGGTAACAGCCGAGCACGAGGCTTAAGGTTCGGCGATC,((((((((((((((....)))))))))))))).....................,-17.99,1.0000,/content/plots/seq_35_ss.ps,/content/plots/seq_35.png
36,GCGAACAGCATTTGGTCTCAAATGCTGTTCGCATCTTGGCACACGTAAACCCT,((((((((((((((....)))))))))))))).....................,-14.61,1.0000,/content/plots/seq_36_ss.ps,/content/plots/seq_36.png
37,CGTAGCCGAGTCAAATGTTTGACTCGGCTACGTACCCCGTTACGAACTAACAG,((((((((((((((....)))))))))))))).....................,-16.36,1.0000,/content/plots/seq_37_ss.ps,/content/plots/seq_37.png
38,GGATCTCTGACCAGTTTCCTGGTCAGAGATCCGCTCAGTTCCGCGCTTTCCCT,((((((((((((((....)))))))))))))).....................,-17.64,1.0000,/content/plots/seq_38_ss.ps,/content/plots/seq_38.png
39,GGTATCTTGGGTACGGGGGTACCCAAGATACCTCACGTTGTTAATTTTCCATT,((((((((((((((....)))))))))))))).....................,-16.33,1.0000,/content/plots/seq_39_ss.ps,/content/plots/seq_39.png
40,ACCCCCCTTCACGGCCCCCCGTGAAGGGGGGTTCGCGGACTCAGTTGTAAGTG,((((((((((((((....)))))))))))))).....................,-20.04,1.0000,/content/plots/seq_40_ss.ps,/content/plots/seq_40.png
41,ACGTCGTCTGGAACCCGCGTTCCAGACGACGTGGCGATGGGGTCGGTATTCCT,((((((((((((((....)))))))))))))).....................,-15.86,1.0000,/content/plots/seq_41_ss.ps,/content/plots/seq_41.png
42,GAGTGACGACATCAAATATGATGTCGTCACTCACTACCCTTAACTGTATACTT,((((((((((((((....)))))))))))))).....................,-15.11,1.0000,/content/plots/seq_42_ss.ps,/content/plots/seq_42.png
43,CGTAACCAGAGCTCAGTTGAGCTCTGGTTACGAATGAGAGGCAGCCGGCAAGG,((((((((((((((....)))))))))))))).....................,-16.54,1.0000,/content/plots/seq_43_ss.ps,/content/plots/seq_43.png
44,CATGCCAGCGCAATTTCGATTGCGCTGGCATGATGTCATGAACCTACAGAAAT,((((((((((((((....)))))))))))))).....................,-15.92,1.0000,/content/plots/seq_44_ss.ps,/content/plots/seq_44.png
45,TCACACTGAGGTAACAGATTACCTCAGTGTGAAAATGCATTCCAGGTTTTTCC,((((((((((((((....)))))))))))))).....................,-13.83,1.0000,/content/plots/seq_45_ss.ps,/content/plots/seq_45.png
46,GTCTGCACCTGTCAATTCTGACAGGTGCAGACTCCGATCAAAACCACTATATG,((((((((((((((....)))))))))))))).....................,-17.81,1.0000,/content/plots/seq_46_ss.ps,/content/plots/seq_46.png
47,TCGCACAACAGCACCGATGTGCTGTTGTGCGACGCATTCACGACTTACATCAA,((((((((((((((....)))))))))))))).....................,-16.11,1.0000,/content/plots/seq_47_ss.ps,/content/plots/seq_47.png
48,GTTGGGATCCCACAGGTGTGTGGGATCCCAACCATTCGTGTGTCCCGGGTCAC,((((((((((((((....)))))))))))))).....................,-17.99,1.0000,/content/plots/seq_48_ss.ps,/content/plots/seq_48.png
49,ATATGTGTGGCAACCTACGTTGCCACACATATTCTGCGATTAAGGTAACTGTT,((((((((((((((....)))))))))))))).....................,-12.79,1.0000,/content/plots/seq_49_ss.ps,/content/plots/seq_49.png
50,GTCGTCGCGTTTTGTGGGCAAAACGCGACGACCTGGAAGGAATAAGTGCTGGA,((((((((((((((....)))))))))))))).....................,-14.14,1.0000,/content/plots/seq_50_ss.ps,/content/plots/seq_50.png
51,TGCTACCTATTGGGCAAACCCAATAGGTAGCAAAACTGCGAAAACGTGTAGAG,((((((((((((((....)))))))))))))).....................,-15.4,1.0000,/content/plots/seq_51_ss.ps,/content/plots/seq_51.png
52,ATTGTCCAATGTAATAGCTTACATTGGACAATGAACCCACTAGGAAGGCATAG,((((((((((((((....)))))))))))))).....................,-10.16,1.0000,/content/plots/seq_52_ss.ps,/content/plots/seq_52.png
53,CAGCGTGGTGGAAGTGTTCTTCCACCACGCTGCAACTTATAATTGCGATTTCG,((((((((((((((....)))))))))))))).....................,-17.42,1.0000,/content/plots/seq_53_ss.ps,/content/plots/seq_53.png
54,ATCATGGAGCGCGTTGTGACGCGCTCCATGATGTTTGTGTCTCTGTAAACAAA,((((((((((((((....)))))))))))))).....................,-15.99,1.0000,/content/plots/seq_54_ss.ps,/content/plots/seq_54.png
55,CCAAATGAACGTGTCCGGACACGTTCATTTGGTCGCGTCTTAACCGCCCTTCC,((((((((((((((....)))))))))))))).....................,-11.71,1.0000,/content/plots/seq_55_ss.ps,/content/plots/seq_55.png
56,ATGTCTCGACAAACATACGTTTGTCGAGACATTGTAGTGAATCGTATCCGGGA,((((((((((((((....)))))))))))))).....................,-12.38,1.0000,/content/plots/seq_56_ss.ps,/content/plots/seq_56.png
57,CCCAATTGAACTGAAAGATCAGTTCAATTGGGACACTCAATATATATCGAGCA,((((((((((((((....)))))))))))))).....................,-12.96,1.0000,/content/plots/seq_57_ss.ps,/content/plots/seq_57.png
58,GTACTAGCTCTCTCTCTAGAGAGAGCTAGTACATGCTCTCACCCTGCTCCTTT,((((((((((((((....)))))))))))))).....................,-15.65,1.0000,/content/plots/seq_58_ss.ps,/content/plots/seq_58.png
59,TGGCCAGAAGATTTTCTAAAATCTTCTGGCCAACAGACGATCTCTAGCAGGTA,((((((((((((((....)))))))))))))).....................,-13.45,1.0000,/content/plots/seq_59_ss.ps,/content/plots/seq_59.png
60,AAGCTTGTGTGAAGCGTGCTTCACACAAGCTTTAGAGGGAGGAAACGAGTTGA,((((((((((((((....)))))))))))))).....................,-12.17,1.0000,/content/plots/seq_60_ss.ps,/content/plots/seq_60.png
61,TGGAAGGTGATTGTAGCTACAATCACCTTCCACTGGAGTAATGGATGGATATT,((((((((((((((....)))))))))))))).....................,-13.41,1.0000,/content/plots/seq_61_ss.ps,/content/plots/seq_61.png
62,CACCTCGTAGTACGCAACCGTACTACGAGGTGTTTTCGTCACCGGAACAGAGT,((((((((((((((....)))))))))))))).....................,-15.38,1.0000,/content/plots/seq_62_ss.ps,/content/plots/seq_62.png
63,GAAGCACGTATCCTTTCTAGGATACGTGCTTCGACTTGTCATAGATTGTTCTA,((((((((((((((....)))))))))))))).....................,-15.82,1.0000,/content/plots/seq_63_ss.ps,/content/plots/seq_63.png
64,GTCCGAGCGTAAATCAGCATTTACGCTCGGACATAGAGGCAGACACTGTACTA,((((((((((((((....)))))))))))))).....................,-14.18,1.0000,/content/plots/seq_64_ss.ps,/content/plots/seq_64.png
65,TGAATTCACCTTTAATCTTAAAGGTGAATTCATTACAGACCCTTAGCAGTTAG,((((((((((((((....)))))))))))))).....................,-10.44,1.0000,/content/plots/seq_65_ss.ps,/content/plots/seq_65.png
66,TCTTACGTAAGCGACGTTTCGCTTACGTAAGAGTCTAGGTACTGTCATAGAGC,((((((((((((((....)))))))))))))).....................,-12.94,1.0000,/content/plots/seq_66_ss.ps,/content/plots/seq_66.png
67,CCATCTGGCAAATAAGGTTATTTGCCAGATGGCAGATAGCAGGAATTAGTTAT,((((((((((((((....)))))))))))))).....................,-13.42,1.0000,/content/plots/seq_67_ss.ps,/content/plots/seq_67.png
68,ACTAGTACGAACCTTATCAGGTTCGTACTAGTATCTCAACTGTTCTTGGAATT,((((((((((((((....)))))))))))))).....................,-13.22,1.0000,/content/plots/seq_68_ss.ps,/content/plots/seq_68.png
69,CTCTAGACTTCCAGTTTTCTGGAAGTCTAGAGGCAAACCCGGTAGCGCTGATG,((((((((((((((....)))))))))))))).....................,-15.3,1.0000,/content/plots/seq_69_ss.ps,/content/plots/seq_69.png
70,GACGTTGCGACACGCTGACGTGTCGCAACGTCGAATGCAAAGTCACCCGGCCT,((((((((((((((....)))))))))))))).....................,-16.84,1.0000,/content/plots/seq_70_ss.ps,/content/plots/seq_70.png
71,TCGTAACCGCTAAGAAGTCTTAGCGGTTACGAGGATCCTCACCATAGGCCACA,((((((((((((((....)))))))))))))).....................,-14.69,1.0000,/content/plots/seq_71_ss.ps,/content/plots/seq_71.png
72,CTATAAATTTCAGCCACAGCTGAAATTTATAGGCCAATTGAGAGGGTACTACG,((((((((((((((....)))))))))))))).....................,-8.97,1.0000,/content/plots/seq_72_ss.ps,/content/plots/seq_72.png
73,ATACTGAAAAGGCGACCGCGCCTTTTCAGTATCGGTGGTCCTACAGGTGTTGA,((((((((((((((....)))))))))))))).....................,-12.26,1.0000,/content/plots/seq_73_ss.ps,/content/plots/seq_73.png
74,TGCCTCTTATAACGTGGCCGTTATAAGAGGCACGAATCGACCCCTTGCCCTGT,((((((((((((((....)))))))))))))).....................,-13.11,1.0000,/content/plots/seq_74_ss.ps,/content/plots/seq_74.png
75,ACCTGATCTCTCTTAGAGAAGAGAGATCAGGTGAAACATGAAGCTTGACAGTC,((((((((((((((....)))))))))))))).....................,-13.52,1.0000,/content/plots/seq_75_ss.ps,/content/plots/seq_75.png
76,ACTGACTAAAATATCAACATATTTTAGTCAGTTCCTAGTTTGGTGGCTTTCAG,((((((((((((((....)))))))))))))).....................,-7.16,1.0000,/content/plots/seq_76_ss.ps,/content/plots/seq_76.png
77,CGTTAAATTCGAATAGCTATTCGAATTTAACGTTCGCTGGCTAGCACCCTGTG,((((((((((((((....)))))))))))))).....................,-7.31,1.0000,/content/plots/seq_77_ss.ps,/content/plots/seq_77.png
78,TCTTGTATGCAGCTGGCGAGCTGCATACAAGATCTGCATGGACCCCGCTATTG,((((((((((((((....)))))))))))))).....................,-14.63,1.0000,/content/plots/seq_78_ss.ps,/content/plots/seq_78.png
79,AGACACCGAAGAATGGAGATTCTTCGGTGTCTGTCCTAGAGAGAAGGTAGGCG,((((((((((((((....)))))))))))))).....................,-13.76,1.0000,/content/plots/seq_79_ss.ps,/content/plots/seq_79.png
80,TACTGGAACACATCGGGAGATGTGTTCCAGTAGATTGCACATCCGATACAGAC,((((((((((((((....)))))))))))))).....................,-14.02,1.0000,/content/plots/seq_80_ss.ps,/content/plots/seq_80.png
81,GCGTCGGCCACTAGGCTGCTAGTGGCCGACGCGGGTCACCTACATTAACATAG,((((((((((((((....)))))))))))))).....................,-21.1,1.0000,/content/plots/seq_81_ss.ps,/content/plots/seq_81.png
82,GAGCGACTATAATTCGAAAATTATAGTCGCTCTGGTAAACAGGCGGAAGGAAG,((((((((((((((....)))))))))))))).....................,-10.85,1.0000,/content/plots/seq_82_ss.ps,/content/plots/seq_82.png
83,CCGAGCGAGGTTGCTGCTGCAACCTCGCTCGGAGATAGAATTTGAGACGCTGT,((((((((((((((....)))))))))))))).....................,-19.61,1.0000,/content/plots/seq_83_ss.ps,/content/plots/seq_83.png
84,AACATTCAGTTCGCTTTAGCGAACTGAATGTTCGTAACTCCGTTACCTCGTTC,((((((((((((((....)))))))))))))).....................,-11.73,1.0000,/content/plots/seq_84_ss.ps,/content/plots/seq_84.png
85,TCACCTAGTGGACGTGAACGTCCACTAGGTGACCGATTAATTTCGCAAGAACA,((((((((((((((....)))))))))))))).....................,-16.64,1.0000,/content/plots/seq_85_ss.ps,/content/plots/seq_85.png
86,CTCGCTAGGTAACTTGGAAGTTACCTAGCGAGCGCAGACCCTCTTAAGTTGCA,((((((((((((((....)))))))))))))).....................,-14.27,1.0000,/content/plots/seq_86_ss.ps,/content/plots/seq_86.png
87,AGTTCATGGCCCGATGCCTCGGGCCATGAACTTCCGCGGGTAACTTGTAAGGG,((((((((((((((....)))))))))))))).....................,-17.18,1.0000,/content/plots/seq_87_ss.ps,/content/plots/seq_87.png
88,AGGGGCCGACTATAGCTCTATAGTCGGCCCCTGATTCCTGAGGATATGGCCTT,((((((((((((((....)))))))))))))).....................,-18.11,1.0000,/content/plots/seq_88_ss.ps,/content/plots/seq_88.png
89,GCCCGGGCACTTATACGCATAAGTGCCCGGGCGTTACGCGAAAAAGCCTAATC,((((((((((((((....)))))))))))))).....................,-18.94,1.0000,/content/plots/seq_89_ss.ps,/content/plots/seq_89.png
90,TAAAAAAAATGATACAACTATCATTTTTTTTAGAACGAAGAGGCTGCTAGGTC,((((((((((((((....)))))))))))))).....................,-4.42,0.9987,/content/plots/seq_90_ss.ps,/content/plots/seq_90.png
91,AGTGAGAACCGGCAAAAATGCCGGTTCTCACTAATTCTTCAGCACTCCTGGCA,((((((((((((((....)))))))))))))).....................,-16.82,1.0000,/content/plots/seq_91_ss.ps,/content/plots/seq_91.png
92,TCCTAGATTACAGTGCATACTGTAATCTAGGAATGGTTAAAGCCTACGTATGT,((((((((((((((....)))))))))))))).....................,-12.04,1.0000,/content/plots/seq_92_ss.ps,/content/plots/seq_92.png
93,GAGGACATACTCTGGTCACAGAGTATGTCCTCAGCCTGAGCTAATTACTCGTG,((((((((((((((....)))))))))))))).....................,-16.41,1.0000,/content/plots/seq_93_ss.ps,/content/plots/seq_93.png
94,CCGACAGATGTTCTACTAAGAACATCTGTCGGAAGAAATCTCCCTAACCCTTT,((((((((((((((....)))))))))))))).....................,-14.64,1.0000,/content/plots/seq_94_ss.ps,/content/plots/seq_94.png
95,AAGGTAACTGGATTCCTGAATCCAGTTACCTTCAAAGTTCTACTTGGTGATCG,((((((((((((((....)))))))))))))).....................,-11.18,1.0000,/content/plots/seq_95_ss.ps,/content/plots/seq_95.png
96,TCTCGGAGGGTTGAAGAGTCAACCCTCCGAGAAATCAAAGTCACGATCTTCCC,((((((((((((((....)))))))))))))).....................,-17.34,1.0000,/content/plots/seq_96_ss.ps,/content/plots/seq_96.png
97,ACTGTGCCGTATCAGCGTTGATACGGCACAGTAAGTGGAACTGTACAGTCCCA,((((((((((((((....)))))))))))))).....................,-15.63,1.0000,/content/plots/seq_97_ss.ps,/content/plots/seq_97.png
98,CACGTAGTCAAGAATTACTTCTTGACTACGTGCACTACTGAAAGGGCGTCAGC,((((((((((((((....)))))))))))))).....................,-12.76,1.0000,/content/plots/seq_98_ss.ps,/content/plots/seq_98.png
99,TGAATCCGGGGAGGAAACCCTCCCCGGATTCACCAGGCTCATCACAATACTGC,((((((((((((((....)))))))))))))).....................,-19.25,1.0000,/content/plots/seq_99_ss.ps,/content/plots/seq_99.png
100,GTAGAGGCTTCTCAAACCTGAGAAGCCTCTACCCGTTTGAAGGCCTTGTTCGT,((((((((((((((....)))))))))))))).....................,-16.04,1.0000,/content/plots/seq_100_ss.ps,/content/plots/seq_100.png
